onset	duration	sample	value
0.1015625000	0.0000000000	26	B2,4,8,16(240)
1.0039062500	0.0000000000	257	B18,20,24,32(241)
1.4062500000	0.0000000000	360	B18,20,24,32(241)
2.3046875000	0.0000000000	590	B34,36,40,48(242)
2.7109375000	0.0000000000	694	B34,36,40,48(242)
4.0156250000	0.0000000000	1028	B2,4,8,16(240)
4.9140625000	0.0000000000	1258	B18,20,24,32(241)
5.3203125000	0.0000000000	1362	B18,20,24,32(241)
6.2187500000	0.0000000000	1592	B34,36,40,48(242)
6.6250000000	0.0000000000	1696	B34,36,40,48(242)
7.9296875000	0.0000000000	2030	B1,3,5,13(110)
8.8281250000	0.0000000000	2260	B17,19,21,29(111)
9.2343750000	0.0000000000	2364	B17,19,21,29(111)
10.1367187500	0.0000000000	2595	B33,35,37,45(112)
10.5390625000	0.0000000000	2698	B33,35,37,45(112)
11.8437500000	0.0000000000	3032	B1,4,6,14(220)
12.7421875000	0.0000000000	3262	B17,20,22,30(221)
13.1484375000	0.0000000000	3366	B17,20,22,30(221)
14.0468750000	0.0000000000	3596	B33,36,38,46(222)
14.4531250000	0.0000000000	3700	B33,36,38,46(222)
15.7578125000	0.0000000000	4034	B1,3,5,9(115)
16.6601562500	0.0000000000	4265	B17,19,21,25(116)
17.0625000000	0.0000000000	4368	B17,19,21,25(116)
17.9609375000	0.0000000000	4598	B33,35,37,41(117)
18.3671875000	0.0000000000	4702	B33,35,37,41(117)
19.6718750000	0.0000000000	5036	B2,4,8,16(240)
20.5703125000	0.0000000000	5266	B18,20,24,32(241)
20.9765625000	0.0000000000	5370	B18,20,24,32(241)
21.8789062500	0.0000000000	5601	B34,36,40,48(242)
22.2812500000	0.0000000000	5704	B34,36,40,48(242)
23.5859375000	0.0000000000	6038	B2,4,8,12(245)
24.4843750000	0.0000000000	6268	B18,20,24,28(246)
24.8906250000	0.0000000000	6372	B18,20,24,28(246)
25.7929687500	0.0000000000	6603	B34,36,40,44(247)
26.1953125000	0.0000000000	6706	B34,36,40,44(247)
27.5000000000	0.0000000000	7040	B1,3,5,9(115)
28.4023437500	0.0000000000	7271	B17,19,21,25(116)
28.8046875000	0.0000000000	7374	B17,19,21,25(116)
29.7031250000	0.0000000000	7604	B33,35,37,41(117)
30.1093750000	0.0000000000	7708	B33,35,37,41(117)
31.4140625000	0.0000000000	8042	B1,4,6,10(225)
32.3125000000	0.0000000000	8272	B17,20,22,26(226)
32.7187500000	0.0000000000	8376	B17,20,22,26(226)
33.6210937500	0.0000000000	8607	B33,36,38,42(227)
34.0234375000	0.0000000000	8710	B33,36,38,42(227)
35.3281250000	0.0000000000	9044	B1,4,6,10(225)
36.2265625000	0.0000000000	9274	B17,20,22,26(226)
36.6328125000	0.0000000000	9378	B17,20,22,26(226)
37.5312500000	0.0000000000	9608	B33,36,38,42(227)
37.9375000000	0.0000000000	9712	B33,36,38,42(227)
39.2421875000	0.0000000000	10046	B2,3,7,15(130)
40.1406250000	0.0000000000	10276	B18,19,23,31(131)
40.5468750000	0.0000000000	10380	B18,19,23,31(131)
41.4492187500	0.0000000000	10611	B34,35,39,47(132)
41.8515625000	0.0000000000	10714	B34,35,39,47(132)
43.1562500000	0.0000000000	11048	B1,3,5,9(115)
44.0546875000	0.0000000000	11278	B17,19,21,25(116)
44.4609375000	0.0000000000	11382	B17,19,21,25(116)
45.3632812500	0.0000000000	11613	B33,35,37,41(117)
45.7656250000	0.0000000000	11716	B33,35,37,41(117)
47.0703125000	0.0000000000	12050	B2,4,8,16(240)
47.9687500000	0.0000000000	12280	B18,20,24,32(241)
48.3750000000	0.0000000000	12384	B18,20,24,32(241)
49.2773437500	0.0000000000	12615	B34,36,40,48(242)
49.6796875000	0.0000000000	12718	B34,36,40,48(242)
50.9843750000	0.0000000000	13052	B2,4,8,12(245)
51.8867187500	0.0000000000	13283	B18,20,24,28(246)
52.2890625000	0.0000000000	13386	B18,20,24,28(246)
53.1875000000	0.0000000000	13616	B34,36,40,44(247)
53.5937500000	0.0000000000	13720	B34,36,40,44(247)
54.8984375000	0.0000000000	14054	B2,3,7,15(130)
55.8007812500	0.0000000000	14285	B18,19,23,31(131)
56.2031250000	0.0000000000	14388	B18,19,23,31(131)
57.1015625000	0.0000000000	14618	B34,35,39,47(132)
57.5078125000	0.0000000000	14722	B34,35,39,47(132)
58.8125000000	0.0000000000	15056	B2,4,8,12(245)
59.7148437500	0.0000000000	15287	B18,20,24,28(246)
60.1171875000	0.0000000000	15390	B18,20,24,28(246)
61.0156250000	0.0000000000	15620	B34,36,40,44(247)
61.4218750000	0.0000000000	15724	B34,36,40,44(247)
62.7265625000	0.0000000000	16058	B1,4,6,14(220)
63.6250000000	0.0000000000	16288	B17,20,22,30(221)
64.0312500000	0.0000000000	16392	B17,20,22,30(221)
64.9335937500	0.0000000000	16623	B33,36,38,46(222)
65.3359375000	0.0000000000	16726	B33,36,38,46(222)
66.6406250000	0.0000000000	17060	B2,3,7,15(130)
67.5429687500	0.0000000000	17291	B18,19,23,31(131)
67.9453125000	0.0000000000	17394	B18,19,23,31(131)
68.8437500000	0.0000000000	17624	B34,35,39,47(132)
69.2500000000	0.0000000000	17728	B34,35,39,47(132)
70.5546875000	0.0000000000	18062	B2,3,7,15(130)
71.4570312500	0.0000000000	18293	B18,19,23,31(131)
71.8593750000	0.0000000000	18396	B18,19,23,31(131)
72.7578125000	0.0000000000	18626	B34,35,39,47(132)
73.1640625000	0.0000000000	18730	B34,35,39,47(132)
74.4687500000	0.0000000000	19064	B2,3,7,15(130)
75.3710937500	0.0000000000	19295	B18,19,23,31(131)
75.7734375000	0.0000000000	19398	B18,19,23,31(131)
76.6718750000	0.0000000000	19628	B34,35,39,47(132)
77.0781250000	0.0000000000	19732	B34,35,39,47(132)
78.3828125000	0.0000000000	20066	B1,3,5,13(110)
79.2812500000	0.0000000000	20296	B17,19,21,29(111)
79.6875000000	0.0000000000	20400	B17,19,21,29(111)
80.5859375000	0.0000000000	20630	B33,35,37,45(112)
80.9921875000	0.0000000000	20734	B33,35,37,45(112)
82.2968750000	0.0000000000	21068	B1,3,5,9(115)
83.1953125000	0.0000000000	21298	B17,19,21,25(116)
83.6015625000	0.0000000000	21402	B17,19,21,25(116)
84.5000000000	0.0000000000	21632	B33,35,37,41(117)
84.9062500000	0.0000000000	21736	B33,35,37,41(117)
86.2109375000	0.0000000000	22070	B1,3,5,9(115)
87.1132812500	0.0000000000	22301	B17,19,21,25(116)
87.5156250000	0.0000000000	22404	B17,19,21,25(116)
88.4140625000	0.0000000000	22634	B33,35,37,41(117)
88.8203125000	0.0000000000	22738	B33,35,37,41(117)
90.1250000000	0.0000000000	23072	B2,3,7,15(130)
91.0273437500	0.0000000000	23303	B18,19,23,31(131)
91.4296875000	0.0000000000	23406	B18,19,23,31(131)
92.3281250000	0.0000000000	23636	B34,35,39,47(132)
92.7343750000	0.0000000000	23740	B34,35,39,47(132)
94.0390625000	0.0000000000	24074	B1,4,6,10(225)
94.9414062500	0.0000000000	24305	B17,20,22,26(226)
95.3437500000	0.0000000000	24408	B17,20,22,26(226)
96.2421875000	0.0000000000	24638	B33,36,38,42(227)
96.6484375000	0.0000000000	24742	B33,36,38,42(227)
97.9531250000	0.0000000000	25076	B1,4,6,14(220)
98.8515625000	0.0000000000	25306	B17,20,22,30(221)
99.2578125000	0.0000000000	25410	B17,20,22,30(221)
100.1562500000	0.0000000000	25640	B33,36,38,46(222)
100.5625000000	0.0000000000	25744	B33,36,38,46(222)
101.8671875000	0.0000000000	26078	B1,4,6,10(225)
102.7656250000	0.0000000000	26308	B17,20,22,26(226)
103.1718750000	0.0000000000	26412	B17,20,22,26(226)
104.0742187500	0.0000000000	26643	B33,36,38,42(227)
104.4765625000	0.0000000000	26746	B33,36,38,42(227)
105.7812500000	0.0000000000	27080	B2,3,7,15(130)
106.6796875000	0.0000000000	27310	B18,19,23,31(131)
107.0859375000	0.0000000000	27414	B18,19,23,31(131)
107.9882812500	0.0000000000	27645	B34,35,39,47(132)
108.3906250000	0.0000000000	27748	B34,35,39,47(132)
109.6953125000	0.0000000000	28082	B1,3,5,13(110)
110.5976562500	0.0000000000	28313	B17,19,21,29(111)
111.0000000000	0.0000000000	28416	B17,19,21,29(111)
111.8984375000	0.0000000000	28646	B33,35,37,45(112)
112.3046875000	0.0000000000	28750	B33,35,37,45(112)
113.6093750000	0.0000000000	29084	B2,4,8,16(240)
114.5078125000	0.0000000000	29314	B18,20,24,32(241)
114.9140625000	0.0000000000	29418	B18,20,24,32(241)
115.8125000000	0.0000000000	29648	B34,36,40,48(242)
116.2187500000	0.0000000000	29752	B34,36,40,48(242)
117.5234375000	0.0000000000	30086	B2,4,8,12(245)
118.4218750000	0.0000000000	30316	B18,20,24,28(246)
118.8281250000	0.0000000000	30420	B18,20,24,28(246)
119.7304687500	0.0000000000	30651	B34,36,40,44(247)
120.1328125000	0.0000000000	30754	B34,36,40,44(247)
121.4375000000	0.0000000000	31088	B2,3,7,15(130)
122.3398437500	0.0000000000	31319	B18,19,23,31(131)
122.7421875000	0.0000000000	31422	B18,19,23,31(131)
123.6406250000	0.0000000000	31652	B34,35,39,47(132)
124.0468750000	0.0000000000	31756	B34,35,39,47(132)
125.3515625000	0.0000000000	32090	B1,4,6,14(220)
126.2500000000	0.0000000000	32320	B17,20,22,30(221)
126.6562500000	0.0000000000	32424	B17,20,22,30(221)
127.5585937500	0.0000000000	32655	B33,36,38,46(222)
127.9609375000	0.0000000000	32758	B33,36,38,46(222)
129.2656250000	0.0000000000	33092	B1,3,5,13(110)
130.1640625000	0.0000000000	33322	B17,19,21,29(111)
130.5703125000	0.0000000000	33426	B17,19,21,29(111)
131.4687500000	0.0000000000	33656	B33,35,37,45(112)
131.8750000000	0.0000000000	33760	B33,35,37,45(112)
133.1796875000	0.0000000000	34094	B2,3,7,15(130)
134.0820312500	0.0000000000	34325	B18,19,23,31(131)
134.4843750000	0.0000000000	34428	B18,19,23,31(131)
135.3828125000	0.0000000000	34658	B34,35,39,47(132)
135.7890625000	0.0000000000	34762	B34,35,39,47(132)
137.0937500000	0.0000000000	35096	B1,4,6,10(225)
137.9960937500	0.0000000000	35327	B17,20,22,26(226)
138.3984375000	0.0000000000	35430	B17,20,22,26(226)
139.2968750000	0.0000000000	35660	B33,36,38,42(227)
139.7031250000	0.0000000000	35764	B33,36,38,42(227)
141.0078125000	0.0000000000	36098	B2,3,7,15(130)
141.9101562500	0.0000000000	36329	B18,19,23,31(131)
142.3125000000	0.0000000000	36432	B18,19,23,31(131)
143.2109375000	0.0000000000	36662	B34,35,39,47(132)
143.6171875000	0.0000000000	36766	B34,35,39,47(132)
144.9218750000	0.0000000000	37100	B1,3,5,13(110)
145.8203125000	0.0000000000	37330	B17,19,21,29(111)
146.2265625000	0.0000000000	37434	B17,19,21,29(111)
147.1289062500	0.0000000000	37665	B33,35,37,45(112)
147.5312500000	0.0000000000	37768	B33,35,37,45(112)
148.8359375000	0.0000000000	38102	B2,4,8,12(245)
149.7382812500	0.0000000000	38333	B18,20,24,28(246)
150.1406250000	0.0000000000	38436	B18,20,24,28(246)
151.0390625000	0.0000000000	38666	B34,36,40,44(247)
151.4453125000	0.0000000000	38770	B34,36,40,44(247)
152.7500000000	0.0000000000	39104	B1,4,6,14(220)
153.6523437500	0.0000000000	39335	B17,20,22,30(221)
154.0546875000	0.0000000000	39438	B17,20,22,30(221)
154.9531250000	0.0000000000	39668	B33,36,38,46(222)
155.3593750000	0.0000000000	39772	B33,36,38,46(222)
156.6640625000	0.0000000000	40106	B1,3,5,9(115)
157.5664062500	0.0000000000	40337	B17,19,21,25(116)
157.9687500000	0.0000000000	40440	B17,19,21,25(116)
158.8671875000	0.0000000000	40670	B33,35,37,41(117)
159.2734375000	0.0000000000	40774	B33,35,37,41(117)
160.5781250000	0.0000000000	41108	B2,4,8,12(245)
161.4804687500	0.0000000000	41339	B18,20,24,28(246)
161.8828125000	0.0000000000	41442	B18,20,24,28(246)
162.7812500000	0.0000000000	41672	B34,36,40,44(247)
163.1875000000	0.0000000000	41776	B34,36,40,44(247)
164.4921875000	0.0000000000	42110	B1,3,5,13(110)
165.3945312500	0.0000000000	42341	B17,19,21,29(111)
165.7968750000	0.0000000000	42444	B17,19,21,29(111)
166.6953125000	0.0000000000	42674	B33,35,37,45(112)
167.1015625000	0.0000000000	42778	B33,35,37,45(112)
168.4062500000	0.0000000000	43112	B2,3,7,15(130)
169.3046875000	0.0000000000	43342	B18,19,23,31(131)
169.7109375000	0.0000000000	43446	B18,19,23,31(131)
170.6093750000	0.0000000000	43676	B34,35,39,47(132)
171.0156250000	0.0000000000	43780	B34,35,39,47(132)
172.3203125000	0.0000000000	44114	B2,4,8,16(240)
173.2226562500	0.0000000000	44345	B18,20,24,32(241)
173.6250000000	0.0000000000	44448	B18,20,24,32(241)
174.5234375000	0.0000000000	44678	B34,36,40,48(242)
174.9296875000	0.0000000000	44782	B34,36,40,48(242)
176.2343750000	0.0000000000	45116	B2,3,7,15(130)
177.1328125000	0.0000000000	45346	B18,19,23,31(131)
177.5390625000	0.0000000000	45450	B18,19,23,31(131)
178.4375000000	0.0000000000	45680	B34,35,39,47(132)
178.8437500000	0.0000000000	45784	B34,35,39,47(132)
180.1484375000	0.0000000000	46118	B1,3,5,9(115)
181.0468750000	0.0000000000	46348	B17,19,21,25(116)
181.4531250000	0.0000000000	46452	B17,19,21,25(116)
182.3554687500	0.0000000000	46683	B33,35,37,41(117)
182.7578125000	0.0000000000	46786	B33,35,37,41(117)
184.0625000000	0.0000000000	47120	B1,3,5,13(110)
184.9648437500	0.0000000000	47351	B17,19,21,29(111)
185.3671875000	0.0000000000	47454	B17,19,21,29(111)
186.2656250000	0.0000000000	47684	B33,35,37,45(112)
186.6718750000	0.0000000000	47788	B33,35,37,45(112)
187.9765625000	0.0000000000	48122	B1,3,5,9(115)
188.8789062500	0.0000000000	48353	B17,19,21,25(116)
189.2812500000	0.0000000000	48456	B17,19,21,25(116)
190.1796875000	0.0000000000	48686	B33,35,37,41(117)
190.5859375000	0.0000000000	48790	B33,35,37,41(117)
191.8906250000	0.0000000000	49124	B1,4,6,10(225)
192.7890625000	0.0000000000	49354	B17,20,22,26(226)
193.1953125000	0.0000000000	49458	B17,20,22,26(226)
194.0976562500	0.0000000000	49689	B33,36,38,42(227)
194.5000000000	0.0000000000	49792	B33,36,38,42(227)
195.8046875000	0.0000000000	50126	B2,4,8,16(240)
196.7031250000	0.0000000000	50356	B18,20,24,32(241)
197.1093750000	0.0000000000	50460	B18,20,24,32(241)
198.0078125000	0.0000000000	50690	B34,36,40,48(242)
198.4140625000	0.0000000000	50794	B34,36,40,48(242)
199.7187500000	0.0000000000	51128	B2,3,7,15(130)
200.6171875000	0.0000000000	51358	B18,19,23,31(131)
201.0234375000	0.0000000000	51462	B18,19,23,31(131)
201.9257812500	0.0000000000	51693	B34,35,39,47(132)
202.3281250000	0.0000000000	51796	B34,35,39,47(132)
203.6328125000	0.0000000000	52130	B1,4,6,10(225)
204.5312500000	0.0000000000	52360	B17,20,22,26(226)
204.9375000000	0.0000000000	52464	B17,20,22,26(226)
205.8359375000	0.0000000000	52694	B33,36,38,42(227)
206.2421875000	0.0000000000	52798	B33,36,38,42(227)
207.5468750000	0.0000000000	53132	B1,4,6,14(220)
208.4492187500	0.0000000000	53363	B17,20,22,30(221)
208.8515625000	0.0000000000	53466	B17,20,22,30(221)
209.7500000000	0.0000000000	53696	B33,36,38,46(222)
210.1562500000	0.0000000000	53800	B33,36,38,46(222)
211.4609375000	0.0000000000	54134	B1,4,6,10(225)
212.3593750000	0.0000000000	54364	B17,20,22,26(226)
212.7656250000	0.0000000000	54468	B17,20,22,26(226)
213.6640625000	0.0000000000	54698	B33,36,38,42(227)
214.0703125000	0.0000000000	54802	B33,36,38,42(227)
215.3750000000	0.0000000000	55136	B1,3,5,13(110)
216.2734375000	0.0000000000	55366	B17,19,21,29(111)
216.6796875000	0.0000000000	55470	B17,19,21,29(111)
217.5820312500	0.0000000000	55701	B33,35,37,45(112)
217.9843750000	0.0000000000	55804	B33,35,37,45(112)
219.2890625000	0.0000000000	56138	B2,3,7,15(130)
220.1875000000	0.0000000000	56368	B18,19,23,31(131)
220.5937500000	0.0000000000	56472	B18,19,23,31(131)
221.4960937500	0.0000000000	56703	B34,35,39,47(132)
221.8984375000	0.0000000000	56806	B34,35,39,47(132)
223.2031250000	0.0000000000	57140	B1,4,6,14(220)
224.1054687500	0.0000000000	57371	B17,20,22,30(221)
224.5078125000	0.0000000000	57474	B17,20,22,30(221)
225.4062500000	0.0000000000	57704	B33,36,38,46(222)
225.8125000000	0.0000000000	57808	B33,36,38,46(222)
227.1171875000	0.0000000000	58142	B2,4,8,12(245)
228.0156250000	0.0000000000	58372	B18,20,24,28(246)
228.4218750000	0.0000000000	58476	B18,20,24,28(246)
229.3203125000	0.0000000000	58706	B34,36,40,44(247)
229.7265625000	0.0000000000	58810	B34,36,40,44(247)
231.0312500000	0.0000000000	59144	B2,3,7,15(130)
231.9296875000	0.0000000000	59374	B18,19,23,31(131)
232.3359375000	0.0000000000	59478	B18,19,23,31(131)
233.2382812500	0.0000000000	59709	B34,35,39,47(132)
233.6406250000	0.0000000000	59812	B34,35,39,47(132)
234.9453125000	0.0000000000	60146	B2,4,8,16(240)
235.8437500000	0.0000000000	60376	B18,20,24,32(241)
236.2500000000	0.0000000000	60480	B18,20,24,32(241)
237.1484375000	0.0000000000	60710	B34,36,40,48(242)
237.5546875000	0.0000000000	60814	B34,36,40,48(242)
238.8593750000	0.0000000000	61148	B2,3,7,15(130)
239.7578125000	0.0000000000	61378	B18,19,23,31(131)
240.1640625000	0.0000000000	61482	B18,19,23,31(131)
241.0664062500	0.0000000000	61713	B34,35,39,47(132)
241.4687500000	0.0000000000	61816	B34,35,39,47(132)
242.7734375000	0.0000000000	62150	B2,3,7,15(130)
243.6718750000	0.0000000000	62380	B18,19,23,31(131)
244.0781250000	0.0000000000	62484	B18,19,23,31(131)
244.9765625000	0.0000000000	62714	B34,35,39,47(132)
245.3828125000	0.0000000000	62818	B34,35,39,47(132)
246.6875000000	0.0000000000	63152	B1,3,5,13(110)
247.5898437500	0.0000000000	63383	B17,19,21,29(111)
247.9921875000	0.0000000000	63486	B17,19,21,29(111)
248.8906250000	0.0000000000	63716	B33,35,37,45(112)
249.2968750000	0.0000000000	63820	B33,35,37,45(112)
250.6015625000	0.0000000000	64154	B2,4,8,16(240)
251.5000000000	0.0000000000	64384	B18,20,24,32(241)
251.9062500000	0.0000000000	64488	B18,20,24,32(241)
252.8085937500	0.0000000000	64719	B34,36,40,48(242)
253.2109375000	0.0000000000	64822	B34,36,40,48(242)
254.5156250000	0.0000000000	65156	B2,4,8,12(245)
255.4140625000	0.0000000000	65386	B18,20,24,28(246)
255.8203125000	0.0000000000	65490	B18,20,24,28(246)
256.7187500000	0.0000000000	65720	B34,36,40,44(247)
257.1250000000	0.0000000000	65824	B34,36,40,44(247)
258.4296875000	0.0000000000	66158	B2,4,8,12(245)
259.3281250000	0.0000000000	66388	B18,20,24,28(246)
259.7343750000	0.0000000000	66492	B18,20,24,28(246)
260.6328125000	0.0000000000	66722	B34,36,40,44(247)
261.0390625000	0.0000000000	66826	B34,36,40,44(247)
262.3437500000	0.0000000000	67160	B1,4,6,10(225)
263.2460937500	0.0000000000	67391	B17,20,22,26(226)
263.6484375000	0.0000000000	67494	B17,20,22,26(226)
264.5468750000	0.0000000000	67724	B33,36,38,42(227)
264.9531250000	0.0000000000	67828	B33,36,38,42(227)
266.2578125000	0.0000000000	68162	B2,3,7,15(130)
267.1562500000	0.0000000000	68392	B18,19,23,31(131)
267.5625000000	0.0000000000	68496	B18,19,23,31(131)
268.4609375000	0.0000000000	68726	B34,35,39,47(132)
268.8671875000	0.0000000000	68830	B34,35,39,47(132)
270.1718750000	0.0000000000	69164	B1,4,6,14(220)
271.0703125000	0.0000000000	69394	B17,20,22,30(221)
271.4765625000	0.0000000000	69498	B17,20,22,30(221)
272.3750000000	0.0000000000	69728	B33,36,38,46(222)
272.7812500000	0.0000000000	69832	B33,36,38,46(222)
274.0859375000	0.0000000000	70166	B1,4,6,10(225)
274.9882812500	0.0000000000	70397	B17,20,22,26(226)
275.3906250000	0.0000000000	70500	B17,20,22,26(226)
276.2890625000	0.0000000000	70730	B33,36,38,42(227)
276.6953125000	0.0000000000	70834	B33,36,38,42(227)
278.0000000000	0.0000000000	71168	B2,3,7,15(130)
278.8984375000	0.0000000000	71398	B18,19,23,31(131)
279.3046875000	0.0000000000	71502	B18,19,23,31(131)
280.2031250000	0.0000000000	71732	B34,35,39,47(132)
280.6093750000	0.0000000000	71836	B34,35,39,47(132)
281.9140625000	0.0000000000	72170	B1,3,5,9(115)
282.8125000000	0.0000000000	72400	B17,19,21,25(116)
283.2187500000	0.0000000000	72504	B17,19,21,25(116)
284.1171875000	0.0000000000	72734	B33,35,37,41(117)
284.5234375000	0.0000000000	72838	B33,35,37,41(117)
285.8281250000	0.0000000000	73172	B1,4,6,14(220)
286.7265625000	0.0000000000	73402	B17,20,22,30(221)
287.1328125000	0.0000000000	73506	B17,20,22,30(221)
288.0351562500	0.0000000000	73737	B33,36,38,46(222)
288.4375000000	0.0000000000	73840	B33,36,38,46(222)
289.7421875000	0.0000000000	74174	B1,3,5,13(110)
290.6406250000	0.0000000000	74404	B17,19,21,29(111)
291.0468750000	0.0000000000	74508	B17,19,21,29(111)
291.9453125000	0.0000000000	74738	B33,35,37,45(112)
292.3515625000	0.0000000000	74842	B33,35,37,45(112)
293.6562500000	0.0000000000	75176	B2,3,7,15(130)
294.5546875000	0.0000000000	75406	B18,19,23,31(131)
294.9609375000	0.0000000000	75510	B18,19,23,31(131)
295.8632812500	0.0000000000	75741	B34,35,39,47(132)
296.2656250000	0.0000000000	75844	B34,35,39,47(132)
297.5703125000	0.0000000000	76178	B1,3,5,9(115)
298.4687500000	0.0000000000	76408	B17,19,21,25(116)
298.8750000000	0.0000000000	76512	B17,19,21,25(116)
299.7734375000	0.0000000000	76742	B33,35,37,41(117)
300.1796875000	0.0000000000	76846	B33,35,37,41(117)
301.4843750000	0.0000000000	77180	B2,4,8,12(245)
302.3828125000	0.0000000000	77410	B18,20,24,28(246)
302.7890625000	0.0000000000	77514	B18,20,24,28(246)
303.6914062500	0.0000000000	77745	B34,36,40,44(247)
304.0937500000	0.0000000000	77848	B34,36,40,44(247)
305.3984375000	0.0000000000	78182	B1,4,6,14(220)
306.2968750000	0.0000000000	78412	B17,20,22,30(221)
306.7031250000	0.0000000000	78516	B17,20,22,30(221)
307.6015625000	0.0000000000	78746	B33,36,38,46(222)
308.0078125000	0.0000000000	78850	B33,36,38,46(222)
309.3125000000	0.0000000000	79184	B2,4,8,16(240)
310.2109375000	0.0000000000	79414	B18,20,24,32(241)
310.6171875000	0.0000000000	79518	B18,20,24,32(241)
311.5195312500	0.0000000000	79749	B34,36,40,48(242)
311.9218750000	0.0000000000	79852	B34,36,40,48(242)
313.2265625000	0.0000000000	80186	B1,3,5,13(110)
314.1250000000	0.0000000000	80416	B17,19,21,29(111)
314.5312500000	0.0000000000	80520	B17,19,21,29(111)
315.4335937500	0.0000000000	80751	B33,35,37,45(112)
315.8359375000	0.0000000000	80854	B33,35,37,45(112)
317.1406250000	0.0000000000	81188	B2,4,8,16(240)
318.0429687500	0.0000000000	81419	B18,20,24,32(241)
318.4453125000	0.0000000000	81522	B18,20,24,32(241)
319.3437500000	0.0000000000	81752	B34,36,40,48(242)
319.7500000000	0.0000000000	81856	B34,36,40,48(242)
321.0546875000	0.0000000000	82190	B1,3,5,9(115)
321.9531250000	0.0000000000	82420	B17,19,21,25(116)
322.3593750000	0.0000000000	82524	B17,19,21,25(116)
323.2578125000	0.0000000000	82754	B33,35,37,41(117)
323.6640625000	0.0000000000	82858	B33,35,37,41(117)
324.9687500000	0.0000000000	83192	B1,4,6,10(225)
325.8671875000	0.0000000000	83422	B17,20,22,26(226)
326.2734375000	0.0000000000	83526	B17,20,22,26(226)
327.1757812500	0.0000000000	83757	B33,36,38,42(227)
327.5781250000	0.0000000000	83860	B33,36,38,42(227)
328.8828125000	0.0000000000	84194	B1,3,5,9(115)
329.7812500000	0.0000000000	84424	B17,19,21,25(116)
330.1875000000	0.0000000000	84528	B17,19,21,25(116)
331.0859375000	0.0000000000	84758	B33,35,37,41(117)
331.4921875000	0.0000000000	84862	B33,35,37,41(117)
332.7968750000	0.0000000000	85196	B1,3,5,13(110)
333.6953125000	0.0000000000	85426	B17,19,21,29(111)
334.1015625000	0.0000000000	85530	B17,19,21,29(111)
335.0000000000	0.0000000000	85760	B33,35,37,45(112)
335.4062500000	0.0000000000	85864	B33,35,37,45(112)
336.7109375000	0.0000000000	86198	B2,3,7,15(130)
337.6093750000	0.0000000000	86428	B18,19,23,31(131)
338.0156250000	0.0000000000	86532	B18,19,23,31(131)
338.9140625000	0.0000000000	86762	B34,35,39,47(132)
339.3203125000	0.0000000000	86866	B34,35,39,47(132)
340.6250000000	0.0000000000	87200	B1,4,6,10(225)
341.5234375000	0.0000000000	87430	B17,20,22,26(226)
341.9296875000	0.0000000000	87534	B17,20,22,26(226)
342.8320312500	0.0000000000	87765	B33,36,38,42(227)
343.2343750000	0.0000000000	87868	B33,36,38,42(227)
344.5390625000	0.0000000000	88202	B1,4,6,14(220)
345.4375000000	0.0000000000	88432	B17,20,22,30(221)
345.8437500000	0.0000000000	88536	B17,20,22,30(221)
346.7421875000	0.0000000000	88766	B33,36,38,46(222)
347.1484375000	0.0000000000	88870	B33,36,38,46(222)
348.4531250000	0.0000000000	89204	B2,4,8,16(240)
349.3515625000	0.0000000000	89434	B18,20,24,32(241)
349.7578125000	0.0000000000	89538	B18,20,24,32(241)
350.6562500000	0.0000000000	89768	B34,36,40,48(242)
351.0625000000	0.0000000000	89872	B34,36,40,48(242)
352.3671875000	0.0000000000	90206	B2,4,8,12(245)
353.2656250000	0.0000000000	90436	B18,20,24,28(246)
353.6718750000	0.0000000000	90540	B18,20,24,28(246)
354.5742187500	0.0000000000	90771	B34,36,40,44(247)
354.9765625000	0.0000000000	90874	B34,36,40,44(247)
356.2812500000	0.0000000000	91208	B1,4,6,14(220)
357.1796875000	0.0000000000	91438	B17,20,22,30(221)
357.5859375000	0.0000000000	91542	B17,20,22,30(221)
358.4843750000	0.0000000000	91772	B33,36,38,46(222)
358.8906250000	0.0000000000	91876	B33,36,38,46(222)
360.1953125000	0.0000000000	92210	B2,3,7,15(130)
361.0937500000	0.0000000000	92440	B18,19,23,31(131)
361.5000000000	0.0000000000	92544	B18,19,23,31(131)
362.3984375000	0.0000000000	92774	B34,35,39,47(132)
362.8046875000	0.0000000000	92878	B34,35,39,47(132)
364.1093750000	0.0000000000	93212	B2,4,8,12(245)
365.0117187500	0.0000000000	93443	B18,20,24,28(246)
365.4140625000	0.0000000000	93546	B18,20,24,28(246)
366.3125000000	0.0000000000	93776	B34,36,40,44(247)
366.7187500000	0.0000000000	93880	B34,36,40,44(247)
368.0234375000	0.0000000000	94214	B1,4,6,14(220)
368.9257812500	0.0000000000	94445	B17,20,22,30(221)
369.3281250000	0.0000000000	94548	B17,20,22,30(221)
370.2265625000	0.0000000000	94778	B33,36,38,46(222)
370.6328125000	0.0000000000	94882	B33,36,38,46(222)
371.9375000000	0.0000000000	95216	B2,3,7,15(130)
372.8359375000	0.0000000000	95446	B18,19,23,31(131)
373.2421875000	0.0000000000	95550	B18,19,23,31(131)
374.1406250000	0.0000000000	95780	B34,35,39,47(132)
374.5468750000	0.0000000000	95884	B34,35,39,47(132)
375.8515625000	0.0000000000	96218	B2,4,8,16(240)
376.7539062500	0.0000000000	96449	B18,20,24,32(241)
377.1562500000	0.0000000000	96552	B18,20,24,32(241)
378.0546875000	0.0000000000	96782	B34,36,40,48(242)
378.4609375000	0.0000000000	96886	B34,36,40,48(242)
379.7656250000	0.0000000000	97220	B2,3,7,15(130)
380.6640625000	0.0000000000	97450	B18,19,23,31(131)
381.0703125000	0.0000000000	97554	B18,19,23,31(131)
381.9726562500	0.0000000000	97785	B34,35,39,47(132)
382.3750000000	0.0000000000	97888	B34,35,39,47(132)
383.6796875000	0.0000000000	98222	B1,4,6,14(220)
384.5781250000	0.0000000000	98452	B17,20,22,30(221)
384.9843750000	0.0000000000	98556	B17,20,22,30(221)
385.8828125000	0.0000000000	98786	B33,36,38,46(222)
386.2890625000	0.0000000000	98890	B33,36,38,46(222)
387.5937500000	0.0000000000	99224	B2,4,8,12(245)
388.4921875000	0.0000000000	99454	B18,20,24,28(246)
388.8984375000	0.0000000000	99558	B18,20,24,28(246)
389.7968750000	0.0000000000	99788	B34,36,40,44(247)
390.2031250000	0.0000000000	99892	B34,36,40,44(247)
391.5078125000	0.0000000000	100226	B2,3,7,15(130)
392.4101562500	0.0000000000	100457	B18,19,23,31(131)
392.8125000000	0.0000000000	100560	B18,19,23,31(131)
393.7109375000	0.0000000000	100790	B34,35,39,47(132)
394.1171875000	0.0000000000	100894	B34,35,39,47(132)
395.4218750000	0.0000000000	101228	B2,3,7,15(130)
396.3242187500	0.0000000000	101459	B18,19,23,31(131)
396.7265625000	0.0000000000	101562	B18,19,23,31(131)
397.6250000000	0.0000000000	101792	B34,35,39,47(132)
398.0312500000	0.0000000000	101896	B34,35,39,47(132)
399.3359375000	0.0000000000	102230	B1,3,5,13(110)
400.2343750000	0.0000000000	102460	B17,19,21,29(111)
400.6406250000	0.0000000000	102564	B17,19,21,29(111)
401.5429687500	0.0000000000	102795	B33,35,37,45(112)
401.9453125000	0.0000000000	102898	B33,35,37,45(112)
403.2500000000	0.0000000000	103232	B2,3,7,15(130)
404.1484375000	0.0000000000	103462	B18,19,23,31(131)
404.5546875000	0.0000000000	103566	B18,19,23,31(131)
405.4531250000	0.0000000000	103796	B34,35,39,47(132)
405.8593750000	0.0000000000	103900	B34,35,39,47(132)
407.1640625000	0.0000000000	104234	B1,4,6,10(225)
408.0664062500	0.0000000000	104465	B17,20,22,26(226)
408.4687500000	0.0000000000	104568	B17,20,22,26(226)
409.3671875000	0.0000000000	104798	B33,36,38,42(227)
409.7734375000	0.0000000000	104902	B33,36,38,42(227)
411.0781250000	0.0000000000	105236	B2,3,7,15(130)
411.9765625000	0.0000000000	105466	B18,19,23,31(131)
412.3828125000	0.0000000000	105570	B18,19,23,31(131)
413.2812500000	0.0000000000	105800	B34,35,39,47(132)
413.6875000000	0.0000000000	105904	B34,35,39,47(132)
414.9921875000	0.0000000000	106238	B1,3,5,9(115)
415.8945312500	0.0000000000	106469	B17,19,21,25(116)
416.2968750000	0.0000000000	106572	B17,19,21,25(116)
417.1953125000	0.0000000000	106802	B33,35,37,41(117)
417.6015625000	0.0000000000	106906	B33,35,37,41(117)
418.9062500000	0.0000000000	107240	B1,4,6,10(225)
419.8046875000	0.0000000000	107470	B17,20,22,26(226)
420.2109375000	0.0000000000	107574	B17,20,22,26(226)
421.1093750000	0.0000000000	107804	B33,36,38,42(227)
421.5156250000	0.0000000000	107908	B33,36,38,42(227)
422.8203125000	0.0000000000	108242	B1,4,6,10(225)
423.7187500000	0.0000000000	108472	B17,20,22,26(226)
424.1250000000	0.0000000000	108576	B17,20,22,26(226)
425.0273437500	0.0000000000	108807	B33,36,38,42(227)
425.4296875000	0.0000000000	108910	B33,36,38,42(227)
426.7343750000	0.0000000000	109244	B1,3,5,13(110)
427.6328125000	0.0000000000	109474	B17,19,21,29(111)
428.0390625000	0.0000000000	109578	B17,19,21,29(111)
428.9375000000	0.0000000000	109808	B33,35,37,45(112)
429.3437500000	0.0000000000	109912	B33,35,37,45(112)
430.6484375000	0.0000000000	110246	B2,4,8,12(245)
431.5507812500	0.0000000000	110477	B18,20,24,28(246)
431.9531250000	0.0000000000	110580	B18,20,24,28(246)
432.8515625000	0.0000000000	110810	B34,36,40,44(247)
433.2578125000	0.0000000000	110914	B34,36,40,44(247)
434.5625000000	0.0000000000	111248	B2,3,7,15(130)
435.4609375000	0.0000000000	111478	B18,19,23,31(131)
435.8671875000	0.0000000000	111582	B18,19,23,31(131)
436.7695312500	0.0000000000	111813	B34,35,39,47(132)
437.1718750000	0.0000000000	111916	B34,35,39,47(132)
438.4765625000	0.0000000000	112250	B1,3,5,13(110)
439.3789062500	0.0000000000	112481	B17,19,21,29(111)
439.7812500000	0.0000000000	112584	B17,19,21,29(111)
440.6796875000	0.0000000000	112814	B33,35,37,45(112)
441.0859375000	0.0000000000	112918	B33,35,37,45(112)
442.3906250000	0.0000000000	113252	B1,3,5,9(115)
443.2890625000	0.0000000000	113482	B17,19,21,25(116)
443.6953125000	0.0000000000	113586	B17,19,21,25(116)
444.5937500000	0.0000000000	113816	B33,35,37,41(117)
445.0000000000	0.0000000000	113920	B33,35,37,41(117)
446.3046875000	0.0000000000	114254	B2,4,8,16(240)
447.2031250000	0.0000000000	114484	B18,20,24,32(241)
447.6093750000	0.0000000000	114588	B18,20,24,32(241)
448.5078125000	0.0000000000	114818	B34,36,40,48(242)
448.9140625000	0.0000000000	114922	B34,36,40,48(242)
450.2187500000	0.0000000000	115256	B2,3,7,15(130)
451.1210937500	0.0000000000	115487	B18,19,23,31(131)
451.5234375000	0.0000000000	115590	B18,19,23,31(131)
452.4218750000	0.0000000000	115820	B34,35,39,47(132)
452.8281250000	0.0000000000	115924	B34,35,39,47(132)
454.1328125000	0.0000000000	116258	B1,4,6,14(220)
455.0312500000	0.0000000000	116488	B17,20,22,30(221)
455.4375000000	0.0000000000	116592	B17,20,22,30(221)
456.3359375000	0.0000000000	116822	B33,36,38,46(222)
456.7421875000	0.0000000000	116926	B33,36,38,46(222)
458.0468750000	0.0000000000	117260	B2,4,8,12(245)
458.9453125000	0.0000000000	117490	B18,20,24,28(246)
459.3515625000	0.0000000000	117594	B18,20,24,28(246)
460.2500000000	0.0000000000	117824	B34,36,40,44(247)
460.6562500000	0.0000000000	117928	B34,36,40,44(247)
461.9609375000	0.0000000000	118262	B1,3,5,9(115)
462.8593750000	0.0000000000	118492	B17,19,21,25(116)
463.2656250000	0.0000000000	118596	B17,19,21,25(116)
464.1679687500	0.0000000000	118827	B33,35,37,41(117)
464.5703125000	0.0000000000	118930	B33,35,37,41(117)
465.8750000000	0.0000000000	119264	B2,4,8,16(240)
466.7773437500	0.0000000000	119495	B18,20,24,32(241)
467.1796875000	0.0000000000	119598	B18,20,24,32(241)
468.0781250000	0.0000000000	119828	B34,36,40,48(242)
468.4843750000	0.0000000000	119932	B34,36,40,48(242)
469.7890625000	0.0000000000	120266	B1,4,6,14(220)
470.6875000000	0.0000000000	120496	B17,20,22,30(221)
471.0937500000	0.0000000000	120600	B17,20,22,30(221)
471.9960937500	0.0000000000	120831	B33,36,38,46(222)
472.3984375000	0.0000000000	120934	B33,36,38,46(222)
473.7031250000	0.0000000000	121268	B2,3,7,15(130)
474.6054687500	0.0000000000	121499	B18,19,23,31(131)
475.0078125000	0.0000000000	121602	B18,19,23,31(131)
475.9062500000	0.0000000000	121832	B34,35,39,47(132)
476.3125000000	0.0000000000	121936	B34,35,39,47(132)
477.6171875000	0.0000000000	122270	B2,4,8,12(245)
478.5156250000	0.0000000000	122500	B18,20,24,28(246)
478.9218750000	0.0000000000	122604	B18,20,24,28(246)
479.8203125000	0.0000000000	122834	B34,36,40,44(247)
480.2265625000	0.0000000000	122938	B34,36,40,44(247)
481.5312500000	0.0000000000	123272	B2,4,8,16(240)
482.4296875000	0.0000000000	123502	B18,20,24,32(241)
482.8359375000	0.0000000000	123606	B18,20,24,32(241)
483.7382812500	0.0000000000	123837	B34,36,40,48(242)
484.1406250000	0.0000000000	123940	B34,36,40,48(242)
485.4453125000	0.0000000000	124274	B1,3,5,13(110)
486.3437500000	0.0000000000	124504	B17,19,21,29(111)
486.7500000000	0.0000000000	124608	B17,19,21,29(111)
487.6484375000	0.0000000000	124838	B33,35,37,45(112)
488.0546875000	0.0000000000	124942	B33,35,37,45(112)
489.3593750000	0.0000000000	125276	B2,4,8,12(245)
490.2617187500	0.0000000000	125507	B18,20,24,28(246)
490.6640625000	0.0000000000	125610	B18,20,24,28(246)
491.5625000000	0.0000000000	125840	B34,36,40,44(247)
491.9687500000	0.0000000000	125944	B34,36,40,44(247)
493.2734375000	0.0000000000	126278	B1,3,5,13(110)
494.1718750000	0.0000000000	126508	B17,19,21,29(111)
494.5781250000	0.0000000000	126612	B17,19,21,29(111)
495.4804687500	0.0000000000	126843	B33,35,37,45(112)
495.8828125000	0.0000000000	126946	B33,35,37,45(112)
497.1875000000	0.0000000000	127280	B2,4,8,16(240)
498.0859375000	0.0000000000	127510	B18,20,24,32(241)
498.4921875000	0.0000000000	127614	B18,20,24,32(241)
499.3906250000	0.0000000000	127844	B34,36,40,48(242)
499.7968750000	0.0000000000	127948	B34,36,40,48(242)
501.1015625000	0.0000000000	128282	B1,3,5,9(115)
502.0039062500	0.0000000000	128513	B17,19,21,25(116)
502.4062500000	0.0000000000	128616	B17,19,21,25(116)
503.3046875000	0.0000000000	128846	B33,35,37,41(117)
503.7109375000	0.0000000000	128950	B33,35,37,41(117)
505.0156250000	0.0000000000	129284	B2,3,7,15(130)
505.9140625000	0.0000000000	129514	B18,19,23,31(131)
506.3203125000	0.0000000000	129618	B18,19,23,31(131)
507.2187500000	0.0000000000	129848	B34,35,39,47(132)
507.6250000000	0.0000000000	129952	B34,35,39,47(132)
508.9296875000	0.0000000000	130286	B2,3,7,15(130)
509.8281250000	0.0000000000	130516	B18,19,23,31(131)
510.2343750000	0.0000000000	130620	B18,19,23,31(131)
511.1367187500	0.0000000000	130851	B34,35,39,47(132)
511.5390625000	0.0000000000	130954	B34,35,39,47(132)
512.8437500000	0.0000000000	131288	B2,4,8,16(240)
513.7421875000	0.0000000000	131518	B18,20,24,32(241)
514.1484375000	0.0000000000	131622	B18,20,24,32(241)
515.0507812500	0.0000000000	131853	B34,36,40,48(242)
515.4531250000	0.0000000000	131956	B34,36,40,48(242)
516.7578125000	0.0000000000	132290	B1,3,5,13(110)
517.6562500000	0.0000000000	132520	B17,19,21,29(111)
518.0625000000	0.0000000000	132624	B17,19,21,29(111)
518.9648437500	0.0000000000	132855	B33,35,37,45(112)
519.3671875000	0.0000000000	132958	B33,35,37,45(112)
520.6718750000	0.0000000000	133292	B1,4,6,14(220)
521.5742187500	0.0000000000	133523	B17,20,22,30(221)
521.9765625000	0.0000000000	133626	B17,20,22,30(221)
522.8750000000	0.0000000000	133856	B33,36,38,46(222)
523.2812500000	0.0000000000	133960	B33,36,38,46(222)
524.5859375000	0.0000000000	134294	B1,4,6,14(220)
525.4843750000	0.0000000000	134524	B17,20,22,30(221)
525.8906250000	0.0000000000	134628	B17,20,22,30(221)
526.7890625000	0.0000000000	134858	B33,36,38,46(222)
527.1953125000	0.0000000000	134962	B33,36,38,46(222)
528.5000000000	0.0000000000	135296	B2,3,7,15(130)
529.3984375000	0.0000000000	135526	B18,19,23,31(131)
529.8046875000	0.0000000000	135630	B18,19,23,31(131)
530.7031250000	0.0000000000	135860	B34,35,39,47(132)
531.1093750000	0.0000000000	135964	B34,35,39,47(132)
532.4140625000	0.0000000000	136298	B1,4,6,10(225)
533.3164062500	0.0000000000	136529	B17,20,22,26(226)
533.7187500000	0.0000000000	136632	B17,20,22,26(226)
534.6171875000	0.0000000000	136862	B33,36,38,42(227)
535.0234375000	0.0000000000	136966	B33,36,38,42(227)
536.3281250000	0.0000000000	137300	B2,4,8,16(240)
537.2304687500	0.0000000000	137531	B18,20,24,32(241)
537.6328125000	0.0000000000	137634	B18,20,24,32(241)
538.5312500000	0.0000000000	137864	B34,36,40,48(242)
538.9375000000	0.0000000000	137968	B34,36,40,48(242)
540.2421875000	0.0000000000	138302	B1,4,6,10(225)
541.1406250000	0.0000000000	138532	B17,20,22,26(226)
541.5468750000	0.0000000000	138636	B17,20,22,26(226)
542.4492187500	0.0000000000	138867	B33,36,38,42(227)
542.8515625000	0.0000000000	138970	B33,36,38,42(227)
544.1562500000	0.0000000000	139304	B2,3,7,15(130)
545.0546875000	0.0000000000	139534	B18,19,23,31(131)
545.4609375000	0.0000000000	139638	B18,19,23,31(131)
546.3632812500	0.0000000000	139869	B34,35,39,47(132)
546.7656250000	0.0000000000	139972	B34,35,39,47(132)
548.0703125000	0.0000000000	140306	B1,4,6,14(220)
548.9726562500	0.0000000000	140537	B17,20,22,30(221)
549.3750000000	0.0000000000	140640	B17,20,22,30(221)
550.2734375000	0.0000000000	140870	B33,36,38,46(222)
550.6796875000	0.0000000000	140974	B33,36,38,46(222)
551.9843750000	0.0000000000	141308	B1,3,5,9(115)
552.8828125000	0.0000000000	141538	B17,19,21,25(116)
553.2890625000	0.0000000000	141642	B17,19,21,25(116)
554.1914062500	0.0000000000	141873	B33,35,37,41(117)
554.5937500000	0.0000000000	141976	B33,35,37,41(117)
555.8984375000	0.0000000000	142310	B2,3,7,15(130)
556.8007812500	0.0000000000	142541	B18,19,23,31(131)
557.2031250000	0.0000000000	142644	B18,19,23,31(131)
558.1015625000	0.0000000000	142874	B34,35,39,47(132)
558.5078125000	0.0000000000	142978	B34,35,39,47(132)
559.8125000000	0.0000000000	143312	B1,3,5,9(115)
560.7109375000	0.0000000000	143542	B17,19,21,25(116)
561.1171875000	0.0000000000	143646	B17,19,21,25(116)
562.0156250000	0.0000000000	143876	B33,35,37,41(117)
562.4218750000	0.0000000000	143980	B33,35,37,41(117)
563.7265625000	0.0000000000	144314	B2,4,8,12(245)
564.6250000000	0.0000000000	144544	B18,20,24,28(246)
565.0312500000	0.0000000000	144648	B18,20,24,28(246)
565.9296875000	0.0000000000	144878	B34,36,40,44(247)
566.3359375000	0.0000000000	144982	B34,36,40,44(247)
567.6406250000	0.0000000000	145316	B2,4,8,12(245)
568.5429687500	0.0000000000	145547	B18,20,24,28(246)
568.9453125000	0.0000000000	145650	B18,20,24,28(246)
569.8437500000	0.0000000000	145880	B34,36,40,44(247)
570.2500000000	0.0000000000	145984	B34,36,40,44(247)
571.5546875000	0.0000000000	146318	B2,3,7,15(130)
572.4570312500	0.0000000000	146549	B18,19,23,31(131)
572.8593750000	0.0000000000	146652	B18,19,23,31(131)
573.7578125000	0.0000000000	146882	B34,35,39,47(132)
574.1640625000	0.0000000000	146986	B34,35,39,47(132)
575.4687500000	0.0000000000	147320	B1,3,5,9(115)
576.3671875000	0.0000000000	147550	B17,19,21,25(116)
576.7734375000	0.0000000000	147654	B17,19,21,25(116)
577.6757812500	0.0000000000	147885	B33,35,37,41(117)
578.0781250000	0.0000000000	147988	B33,35,37,41(117)
579.3828125000	0.0000000000	148322	B2,3,7,15(130)
580.2812500000	0.0000000000	148552	B18,19,23,31(131)
580.6875000000	0.0000000000	148656	B18,19,23,31(131)
581.5859375000	0.0000000000	148886	B34,35,39,47(132)
581.9921875000	0.0000000000	148990	B34,35,39,47(132)
583.2968750000	0.0000000000	149324	B2,4,8,12(245)
584.1953125000	0.0000000000	149554	B18,20,24,28(246)
584.6015625000	0.0000000000	149658	B18,20,24,28(246)
585.5000000000	0.0000000000	149888	B34,36,40,44(247)
585.9062500000	0.0000000000	149992	B34,36,40,44(247)
587.2109375000	0.0000000000	150326	B2,3,7,15(130)
588.1132812500	0.0000000000	150557	B18,19,23,31(131)
588.5156250000	0.0000000000	150660	B18,19,23,31(131)
589.4140625000	0.0000000000	150890	B34,35,39,47(132)
589.8203125000	0.0000000000	150994	B34,35,39,47(132)
591.1250000000	0.0000000000	151328	B1,3,5,13(110)
592.0234375000	0.0000000000	151558	B17,19,21,29(111)
592.4296875000	0.0000000000	151662	B17,19,21,29(111)
593.3320312500	0.0000000000	151893	B33,35,37,45(112)
593.7343750000	0.0000000000	151996	B33,35,37,45(112)
595.0390625000	0.0000000000	152330	B1,4,6,10(225)
595.9414062500	0.0000000000	152561	B17,20,22,26(226)
596.3437500000	0.0000000000	152664	B17,20,22,26(226)
597.2421875000	0.0000000000	152894	B33,36,38,42(227)
597.6484375000	0.0000000000	152998	B33,36,38,42(227)
598.9531250000	0.0000000000	153332	B1,3,5,13(110)
599.8554687500	0.0000000000	153563	B17,19,21,29(111)
600.2578125000	0.0000000000	153666	B17,19,21,29(111)
601.1562500000	0.0000000000	153896	B33,35,37,45(112)
601.5625000000	0.0000000000	154000	B33,35,37,45(112)
602.8671875000	0.0000000000	154334	B2,4,8,16(240)
603.7656250000	0.0000000000	154564	B18,20,24,32(241)
604.1718750000	0.0000000000	154668	B18,20,24,32(241)
605.0703125000	0.0000000000	154898	B34,36,40,48(242)
605.4765625000	0.0000000000	155002	B34,36,40,48(242)
606.7812500000	0.0000000000	155336	B1,4,6,10(225)
607.6796875000	0.0000000000	155566	B17,20,22,26(226)
608.0859375000	0.0000000000	155670	B17,20,22,26(226)
608.9843750000	0.0000000000	155900	B33,36,38,42(227)
609.3906250000	0.0000000000	156004	B33,36,38,42(227)
610.6953125000	0.0000000000	156338	B1,3,5,9(115)
611.5976562500	0.0000000000	156569	B17,19,21,25(116)
612.0000000000	0.0000000000	156672	B17,19,21,25(116)
612.8984375000	0.0000000000	156902	B33,35,37,41(117)
613.3046875000	0.0000000000	157006	B33,35,37,41(117)
614.6093750000	0.0000000000	157340	B1,4,6,14(220)
615.5117187500	0.0000000000	157571	B17,20,22,30(221)
615.9140625000	0.0000000000	157674	B17,20,22,30(221)
616.8125000000	0.0000000000	157904	B33,36,38,46(222)
617.2187500000	0.0000000000	158008	B33,36,38,46(222)
618.5234375000	0.0000000000	158342	B2,3,7,15(130)
619.4218750000	0.0000000000	158572	B18,19,23,31(131)
619.8281250000	0.0000000000	158676	B18,19,23,31(131)
620.7265625000	0.0000000000	158906	B34,35,39,47(132)
621.1328125000	0.0000000000	159010	B34,35,39,47(132)
622.4375000000	0.0000000000	159344	B1,4,6,10(225)
623.3359375000	0.0000000000	159574	B17,20,22,26(226)
623.7421875000	0.0000000000	159678	B17,20,22,26(226)
624.6406250000	0.0000000000	159908	B33,36,38,42(227)
625.0468750000	0.0000000000	160012	B33,36,38,42(227)
